"Region","Ventas","Cantidad","numClients"
"Atlantic",2014248.2035,28068,240
"Northwest Territories",800847.3295,9722,62
"Nunavut",116376.4835,1962,38
"Ontario",3063212.4795,46685,281
"Prarie",2837304.60149999,43732,251
"Quebec",1510195.08,19589,170
"West",3597549.2755,51423,311
"Yukon",975867.370999999,13596,107
